{"cameraMode":{"drawMode":0,"name":"Shaded","section":"Shading Mode"},"sceneLighting":false,"audioPlay":false,"sceneViewState":{"m_AlwaysRefresh":false,"showFog":true,"showSkybox":true,"showFlares":true,"showImageEffects":true,"showParticleSystems":true,"showVisualEffectGraphs":true,"m_FxEnabled":true},"in2DMode":false,"pivot":{"x":-0.03195076063275337,"y":-2.3806838989257814,"z":14.080147743225098},"rotation":{"x":-0.07642274349927902,"y":-0.009277070872485638,"z":0.0007287655607797205,"w":-0.9970471262931824},"size":8.733963012695313,"orthographic":false}