{"cameraMode":{"drawMode":0,"name":"Shaded","section":"Shading Mode"},"sceneLighting":false,"audioPlay":false,"sceneViewState":{"m_AlwaysRefresh":false,"showFog":true,"showSkybox":true,"showFlares":true,"showImageEffects":true,"showParticleSystems":true,"showVisualEffectGraphs":true,"m_FxEnabled":true},"in2DMode":false,"pivot":{"x":3.4090468883514406,"y":-3.5353024005889894,"z":12.211581230163575},"rotation":{"x":-0.15391644835472108,"y":-0.13472343981266023,"z":0.021202782168984414,"w":-0.9786436557769775},"size":9.071657180786133,"orthographic":false}